Group,IdLabel,Day,Cage,Duration_entropy,Duration_entropy_light,Duration_entropy_dark
All,10793A,1,Cage 2-1,0.854,0.854,0
All,10793A,1,Cage 2-2,0.716,0.716,0
All,10793A,1,Cage 2-3,0.94,0.94,0
All,10793A,1,Cage 2-4,0.861,0.861,0
All,10793A,1,Cage 2-5,0.916,0.916,0
All,10793A,1,Cage 2-6,0.801,0.801,0
All,10793A,1,Tube 1:2,0.961,0.961,0
All,10793A,1,Tube 2:3,0.884,0.884,0
All,10793A,2,Cage 1-1,0.735,0,0.735
All,10793A,2,Cage 1-2,0.865,0,0.865
All,10793A,2,Cage 1-3,0.759,0,0.759
All,10793A,2,Cage 1-4,0.957,0,0.957
All,10793A,2,Cage 1-5,0.976,0,0.976
All,10793A,2,Cage 1-6,0.744,0,0.744
All,10793A,2,Cage 2-1,0.624,0,0.624
All,10793A,2,Cage 2-2,0.735,0,0.735
All,10793A,2,Cage 2-3,0.884,0,0.884
All,10793A,2,Cage 2-4,0.803,0,0.803
All,10793A,2,Cage 2-5,0.876,0,0.876
All,10793A,2,Cage 2-6,0.84,0,0.84
All,10793A,2,Cage 3-1,0.481,0,0
All,10793A,2,Cage 3-2,0.7,0,0
All,10793A,2,Cage 3-3,0.701,0,0
All,10793A,2,Cage 3-4,0.518,0,0
All,10793A,2,Cage 3-5,0.826,0,0
All,10793A,2,Cage 3-6,0.434,0,0
All,10793A,2,Tube 1:2,0.916,0,0.916
All,10793A,2,Tube 2:3,0.941,0,0
All,10793A,3,Cage 1-1,0.303,0,0
All,10793A,3,Cage 1-2,0.557,0,0
All,10793A,3,Cage 1-3,0.78,0,0
All,10793A,3,Cage 1-4,0.861,0,0
All,10793A,3,Cage 1-5,0.838,0,0
All,10793A,3,Cage 1-6,0.477,0,0
All,10793A,3,Cage 2-1,0.751,0,0.751
All,10793A,3,Cage 2-2,0.587,0,0
All,10793A,3,Cage 2-3,0.509,0,0
All,10793A,3,Cage 2-4,0.897,0,0
All,10793A,3,Cage 2-5,0.618,0,0
All,10793A,3,Cage 2-6,0.87,0,0
All,10793A,3,Cage 3-1,0.237,0,0
All,10793A,3,Cage 3-2,0.573,0,0
All,10793A,3,Cage 3-3,0.457,0,0
All,10793A,3,Cage 3-4,0.485,0,0
All,10793A,3,Cage 3-5,0.789,0,0
All,10793A,3,Cage 3-6,0.297,0,0
All,10793A,3,Tube 1:2,0.911,0,0
All,10793A,3,Tube 2:3,0.914,0,0
All,10793A,4,Cage 1-1,0.512,0,0
All,10793A,4,Cage 1-2,0.562,0,0
All,10793A,4,Cage 1-3,0.78,0,0
All,10793A,4,Cage 1-4,0.049,0,0
All,10793A,4,Cage 1-5,0.672,0.672,0
All,10793A,4,Cage 1-6,0.2,0,0
All,10793A,4,Cage 2-1,0.233,0,0
All,10793A,4,Cage 2-2,0.533,0,0
All,10793A,4,Cage 2-3,0.478,0,0
All,10793A,4,Cage 2-4,0.792,0,0
All,10793A,4,Cage 2-5,0.822,0,0
All,10793A,4,Cage 2-6,0.529,0,0
All,10793A,4,Cage 3-1,0.025,0,0.025
All,10793A,4,Cage 3-2,0.757,0,0.757
All,10793A,4,Cage 3-3,0.295,0,0.295
All,10793A,4,Cage 3-4,0.135,0,0.135
All,10793A,4,Cage 3-5,0.798,0,0.798
All,10793A,4,Cage 3-6,0.827,0,0.827
All,10793A,4,Tube 1:2,0.894,0,0
All,10793A,4,Tube 2:3,0.888,0,0
All,10793A,5,Cage 1-1,0.762,0,0
All,10793A,5,Cage 1-2,0.82,0,0
All,10793A,5,Cage 1-3,0.271,0,0
All,10793A,5,Cage 1-4,0.191,0,0
All,10793A,5,Cage 1-5,0.833,0,0
All,10793A,5,Cage 1-6,0.692,0,0
All,10793A,5,Cage 2-1,0.471,0,0.471
All,10793A,5,Cage 2-2,0.425,0,0
All,10793A,5,Cage 2-3,0.475,0,0
All,10793A,5,Cage 2-4,0.821,0,0
All,10793A,5,Cage 2-5,0.687,0,0
All,10793A,5,Cage 2-6,0.757,0,0
All,10793A,5,Cage 3-1,0.557,0,0
All,10793A,5,Cage 3-2,0.528,0,0
All,10793A,5,Cage 3-3,0.32,0,0
All,10793A,5,Cage 3-4,0.446,0,0
All,10793A,5,Cage 3-5,0.73,0,0
All,10793A,5,Cage 3-6,0.695,0,0
All,10793A,5,Tube 1:2,0.879,0,0
All,10793A,5,Tube 2:3,0.913,0,0
All,10793A,6,Cage 1-1,0.8,0,0
All,10793A,6,Cage 1-2,0.723,0,0
All,10793A,6,Cage 1-3,0.424,0,0
All,10793A,6,Cage 1-4,0.444,0,0
All,10793A,6,Cage 1-5,0.812,0,0
All,10793A,6,Cage 1-6,0.75,0,0
All,10793A,6,Cage 2-1,0.824,0,0.824
All,10793A,6,Cage 2-2,0.489,0,0.489
All,10793A,6,Cage 2-3,0.234,0,0.234
All,10793A,6,Cage 2-4,0.065,0,0.065
All,10793A,6,Cage 2-5,0.713,0,0.713
All,10793A,6,Cage 2-6,0.743,0,0.743
All,10793A,6,Tube 1:2,0.908,0,0
All,10793A,6,Tube 2:3,0.934,0,0.934
All,10793A,7,Cage 1-1,0.909,0,0
All,10793A,7,Cage 1-2,0.782,0,0
All,10793A,7,Cage 1-3,0.563,0,0
All,10793A,7,Cage 1-4,0.458,0,0
All,10793A,7,Cage 1-5,0.843,0,0
All,10793A,7,Cage 1-6,0.439,0,0
All,10793A,7,Cage 2-1,0.899,0,0.899
All,10793A,7,Cage 2-2,0.602,0,0.602
All,10793A,7,Tube 1:2,0.96,0,0
All,10793A,8,Cage 1-1,0.945,0,0
All,10793A,8,Cage 1-2,0.567,0,0
All,10793A,8,Cage 1-3,0.309,0,0
All,10793A,8,Cage 1-4,0.472,0,0
All,10793A,8,Cage 1-5,0.68,0,0
All,10793A,8,Cage 1-6,0.524,0,0
All,10793A,8,Cage 2-1,0.825,0,0
All,10793A,8,Cage 2-2,0.67,0,0
All,10793A,8,Cage 2-3,0.314,0,0
All,10793A,8,Cage 2-4,0.372,0,0
All,10793A,8,Cage 2-5,0.721,0,0
All,10793A,8,Cage 2-6,0.775,0,0
All,10793A,8,Cage 3-1,0.765,0,0
All,10793A,8,Cage 3-2,0.67,0,0
All,10793A,8,Cage 3-3,0.051,0,0
All,10793A,8,Cage 3-4,0.559,0,0
All,10793A,8,Cage 3-5,0.764,0,0
All,10793A,8,Cage 3-6,0.694,0,0
All,10793A,8,Tube 1:2,0.907,0,0
All,10793A,8,Tube 2:3,0.911,0,0
All,10793A,9,Cage 1-1,0.575,0,0
All,10793A,9,Cage 1-2,0.468,0,0
All,10793A,9,Cage 1-3,0.599,0,0
All,10793A,9,Cage 1-4,0.684,0,0
All,10793A,9,Cage 1-5,0.879,0,0
All,10793A,9,Cage 1-6,0.613,0,0
All,10793A,9,Cage 2-1,0.645,0,0
All,10793A,9,Cage 2-2,0.45,0,0
All,10793A,9,Cage 2-3,0.207,0,0
All,10793A,9,Cage 2-4,0.587,0,0
All,10793A,9,Cage 2-5,0.725,0,0
All,10793A,9,Cage 2-6,0.715,0,0
All,10793A,9,Cage 3-1,0.347,0,0
All,10793A,9,Cage 3-2,0.768,0,0
All,10793A,9,Cage 3-3,0.479,0,0
All,10793A,9,Cage 3-4,0.797,0,0
All,10793A,9,Cage 3-5,0.613,0,0
All,10793A,9,Cage 3-6,0.862,0,0
All,10793A,9,Tube 1:2,0.909,0,0
All,10793A,9,Tube 2:3,0.889,0,0
All,10793A,10,Cage 1-1,0.933,0,0
All,10793A,10,Cage 1-2,0.703,0,0
All,10793A,10,Cage 1-3,0.612,0,0
All,10793A,10,Cage 1-4,0.606,0,0
All,10793A,10,Cage 1-5,0.901,0,0.901
All,10793A,10,Cage 1-6,0.834,0,0
All,10793A,10,Cage 2-1,0.73,0,0
All,10793A,10,Cage 2-2,0.632,0,0
All,10793A,10,Cage 2-3,0.383,0,0
All,10793A,10,Cage 2-4,0.069,0,0
All,10793A,10,Cage 2-5,0.851,0,0
All,10793A,10,Cage 2-6,0.824,0,0
All,10793A,10,Cage 3-1,0.486,0,0
All,10793A,10,Cage 3-2,0.254,0.254,0
All,10793A,10,Cage 3-3,0,0,0
All,10793A,10,Cage 3-4,0.949,0.949,0
All,10793A,10,Cage 3-5,0.253,0.253,0
All,10793A,10,Cage 3-6,0.403,0.403,0
All,10793A,10,Tube 1:2,0.892,0,0
All,10793A,10,Tube 2:3,0.897,0,0
All,14827B,1,Cage 2-1,0.91,0.91,0
All,14827B,1,Cage 2-2,0.809,0.809,0
All,14827B,1,Cage 2-3,0.954,0.954,0
All,14827B,1,Cage 2-4,0.9,0.9,0
All,14827B,1,Cage 2-5,0.932,0.932,0
All,14827B,1,Cage 2-6,0.917,0.917,0
All,14827B,1,Tube 1:2,0.942,0.942,0
All,14827B,1,Tube 2:3,0.918,0.918,0
All,14827B,2,Cage 1-1,0.221,0,0.221
All,14827B,2,Cage 1-2,0.76,0,0.76
All,14827B,2,Cage 1-3,0.927,0,0.927
All,14827B,2,Cage 1-4,0.9,0,0.9
All,14827B,2,Cage 1-5,0.838,0,0.838
All,14827B,2,Cage 1-6,0.761,0,0.761
All,14827B,2,Cage 2-1,0.672,0,0.672
All,14827B,2,Cage 2-2,0.814,0,0.814
All,14827B,2,Cage 2-3,0.882,0,0.882
All,14827B,2,Cage 2-4,0.785,0,0.785
All,14827B,2,Cage 2-5,0.908,0,0.908
All,14827B,2,Cage 2-6,0.847,0,0.847
All,14827B,2,Cage 3-1,0.597,0,0
All,14827B,2,Cage 3-2,0.755,0,0
All,14827B,2,Cage 3-3,0.813,0,0
All,14827B,2,Cage 3-4,0.441,0,0
All,14827B,2,Cage 3-5,0.936,0,0
All,14827B,2,Cage 3-6,0.325,0,0
All,14827B,2,Tube 1:2,0.955,0,0.955
All,14827B,2,Tube 2:3,0.96,0,0
All,14827B,3,Cage 1-1,0.678,0,0
All,14827B,3,Cage 1-2,0.753,0,0
All,14827B,3,Cage 1-3,0.729,0,0
All,14827B,3,Cage 1-4,0.547,0,0
All,14827B,3,Cage 1-5,0.903,0,0
All,14827B,3,Cage 1-6,0.648,0,0
All,14827B,3,Cage 2-1,0.42,0,0
All,14827B,3,Cage 2-2,0.762,0,0
All,14827B,3,Cage 2-3,0.579,0,0
All,14827B,3,Cage 2-4,0.877,0,0
All,14827B,3,Cage 2-5,0.899,0,0
All,14827B,3,Cage 2-6,0.89,0,0
All,14827B,3,Cage 3-1,0.815,0,0
All,14827B,3,Cage 3-2,0.689,0,0.689
All,14827B,3,Cage 3-3,0.441,0,0
All,14827B,3,Cage 3-4,0.882,0,0.882
All,14827B,3,Cage 3-5,0.721,0,0.721
All,14827B,3,Cage 3-6,0.277,0,0.277
All,14827B,3,Tube 1:2,0.948,0,0
All,14827B,3,Tube 2:3,0.925,0,0
All,14827B,4,Cage 1-1,0.729,0,0
All,14827B,4,Cage 1-2,0.682,0,0
All,14827B,4,Cage 1-3,0.556,0,0
All,14827B,4,Cage 1-4,0.304,0,0
All,14827B,4,Cage 1-5,0.846,0,0
All,14827B,4,Cage 1-6,0.642,0,0
All,14827B,4,Cage 2-1,0.769,0,0
All,14827B,4,Cage 2-2,0.661,0,0
All,14827B,4,Cage 2-3,0.382,0,0
All,14827B,4,Cage 2-4,0.897,0,0
All,14827B,4,Cage 2-5,0.884,0,0
All,14827B,4,Cage 2-6,0.281,0,0
All,14827B,4,Cage 3-1,0.21,0,0
All,14827B,4,Cage 3-2,0.761,0,0
All,14827B,4,Cage 3-3,0.697,0,0
All,14827B,4,Cage 3-4,0.278,0,0
All,14827B,4,Cage 3-5,0.859,0,0
All,14827B,4,Cage 3-6,0.373,0,0
All,14827B,4,Tube 1:2,0.908,0,0
All,14827B,4,Tube 2:3,0.925,0,0
All,14827B,5,Cage 1-1,0.857,0,0
All,14827B,5,Cage 1-2,0.685,0,0
All,14827B,5,Cage 1-3,0.45,0,0
All,14827B,5,Cage 1-4,0.512,0,0
All,14827B,5,Cage 1-5,0.865,0,0
All,14827B,5,Cage 1-6,0.737,0,0
All,14827B,5,Cage 2-1,0.838,0,0
All,14827B,5,Cage 2-2,0.704,0,0
All,14827B,5,Cage 2-3,0.519,0,0
All,14827B,5,Cage 2-4,0.505,0,0
All,14827B,5,Cage 2-5,0.857,0,0
All,14827B,5,Cage 2-6,0.768,0,0
All,14827B,5,Cage 3-1,0.771,0,0
All,14827B,5,Cage 3-2,0.789,0,0
All,14827B,5,Cage 3-3,0.608,0,0
All,14827B,5,Cage 3-4,0.923,0,0
All,14827B,5,Cage 3-5,0.859,0,0
All,14827B,5,Cage 3-6,0.797,0,0
All,14827B,5,Tube 1:2,0.935,0,0
All,14827B,5,Tube 2:3,0.887,0,0
All,14827B,6,Cage 1-1,0.759,0,0
All,14827B,6,Cage 1-2,0.732,0,0
All,14827B,6,Cage 1-3,0.403,0,0
All,14827B,6,Cage 1-4,0.454,0,0
All,14827B,6,Cage 1-5,0.843,0,0
All,14827B,6,Cage 1-6,0.689,0,0
All,14827B,6,Cage 2-1,0.635,0,0
All,14827B,6,Cage 2-2,0.761,0,0
All,14827B,6,Cage 2-3,0.498,0,0
All,14827B,6,Cage 2-4,0.339,0,0
All,14827B,6,Cage 2-5,0.84,0,0
All,14827B,6,Cage 2-6,0.825,0,0
All,14827B,6,Cage 3-1,0.828,0,0
All,14827B,6,Cage 3-2,0.685,0,0
All,14827B,6,Cage 3-3,0.574,0,0
All,14827B,6,Cage 3-4,0.822,0,0
All,14827B,6,Cage 3-5,0.845,0,0
All,14827B,6,Cage 3-6,0.84,0,0
All,14827B,6,Tube 1:2,0.915,0,0
All,14827B,6,Tube 2:3,0.913,0,0
All,14827B,7,Cage 1-1,0.809,0,0
All,14827B,7,Cage 1-2,0.636,0,0
All,14827B,7,Cage 1-3,0.446,0,0
All,14827B,7,Cage 1-4,0.512,0,0
All,14827B,7,Cage 1-5,0.852,0,0
All,14827B,7,Cage 1-6,0.869,0,0
All,14827B,7,Cage 2-1,0.828,0,0
All,14827B,7,Cage 2-2,0.755,0,0
All,14827B,7,Cage 2-3,0.452,0,0
All,14827B,7,Cage 2-4,0.401,0,0
All,14827B,7,Cage 2-5,0.869,0,0
All,14827B,7,Cage 2-6,0.904,0,0
All,14827B,7,Cage 3-1,0.84,0,0
All,14827B,7,Cage 3-2,0.755,0,0
All,14827B,7,Cage 3-3,0.915,0,0
All,14827B,7,Cage 3-4,0.828,0,0
All,14827B,7,Cage 3-5,0.86,0,0
All,14827B,7,Cage 3-6,0.919,0,0
All,14827B,7,Tube 1:2,0.858,0,0
All,14827B,7,Tube 2:3,0.928,0,0
All,14827B,8,Cage 1-1,0.777,0,0
All,14827B,8,Cage 1-2,0.702,0,0
All,14827B,8,Cage 1-3,0.774,0,0
All,14827B,8,Cage 1-4,0.869,0,0
All,14827B,8,Cage 1-5,0.923,0,0
All,14827B,8,Cage 1-6,0.903,0,0
All,14827B,8,Cage 2-1,0.879,0,0
All,14827B,8,Cage 2-2,0.696,0,0
All,14827B,8,Cage 2-3,0.537,0,0
All,14827B,8,Cage 2-4,0.737,0,0
All,14827B,8,Cage 2-5,0.846,0,0
All,14827B,8,Cage 2-6,0.896,0,0
All,14827B,8,Cage 3-1,0.883,0,0
All,14827B,8,Cage 3-2,0.73,0,0
All,14827B,8,Cage 3-3,0.586,0,0
All,14827B,8,Cage 3-4,0.874,0,0
All,14827B,8,Cage 3-5,0.815,0,0
All,14827B,8,Cage 3-6,0.866,0,0
All,14827B,8,Tube 1:2,0.895,0,0
All,14827B,8,Tube 2:3,0.925,0,0
All,14827B,9,Cage 1-1,0.907,0,0
All,14827B,9,Cage 1-2,0.586,0,0
All,14827B,9,Cage 1-3,0.356,0,0
All,14827B,9,Cage 1-4,0.803,0,0
All,14827B,9,Cage 1-5,0.86,0,0
All,14827B,9,Cage 1-6,0.815,0,0
All,14827B,9,Cage 2-1,0.607,0,0
All,14827B,9,Cage 2-2,0.774,0,0
All,14827B,9,Cage 2-3,0.567,0,0
All,14827B,9,Cage 2-4,0.476,0,0
All,14827B,9,Cage 2-5,0.849,0,0
All,14827B,9,Cage 2-6,0.827,0,0
All,14827B,9,Cage 3-1,0.731,0,0
All,14827B,9,Cage 3-2,0.735,0,0
All,14827B,9,Cage 3-3,0.622,0,0
All,14827B,9,Cage 3-4,0.857,0,0
All,14827B,9,Cage 3-5,0.847,0,0
All,14827B,9,Cage 3-6,0.89,0,0
All,14827B,9,Tube 1:2,0.911,0,0
All,14827B,9,Tube 2:3,0.912,0,0
All,14827B,10,Cage 1-1,0.883,0,0
All,14827B,10,Cage 1-2,0.685,0,0
All,14827B,10,Cage 1-3,0.504,0,0
All,14827B,10,Cage 1-4,0.467,0,0
All,14827B,10,Cage 1-5,0.781,0,0
All,14827B,10,Cage 1-6,0.926,0,0
All,14827B,10,Cage 2-1,0.874,0,0
All,14827B,10,Cage 2-2,0.689,0,0
All,14827B,10,Cage 2-3,0.382,0,0
All,14827B,10,Cage 2-4,0.878,0,0
All,14827B,10,Cage 2-5,0.853,0,0
All,14827B,10,Cage 2-6,0.889,0,0
All,14827B,10,Cage 3-1,0.898,0,0
All,14827B,10,Cage 3-2,0.677,0,0
All,14827B,10,Cage 3-3,0.631,0,0
All,14827B,10,Cage 3-4,0.71,0,0
All,14827B,10,Cage 3-5,0.725,0,0
All,14827B,10,Cage 3-6,0.942,0,0
All,14827B,10,Tube 1:2,0.924,0,0
All,14827B,10,Tube 2:3,0.912,0,0
All,16509C,1,Cage 2-1,0.901,0.901,0
All,16509C,1,Cage 2-2,0.845,0.845,0
All,16509C,1,Cage 2-3,0.925,0.925,0
All,16509C,1,Cage 2-4,0.867,0.867,0
All,16509C,1,Cage 2-5,0.915,0.915,0
All,16509C,1,Cage 2-6,0.868,0.868,0
All,16509C,1,Tube 1:2,0.963,0.963,0
All,16509C,1,Tube 2:3,0.895,0.895,0
All,16509C,2,Cage 2-1,0.902,0,0.902
All,16509C,2,Cage 2-2,0.611,0,0.611
All,16509C,2,Cage 2-3,0.839,0,0.839
All,16509C,2,Cage 2-4,0.831,0,0.831
All,16509C,2,Cage 2-5,0.843,0,0.843
All,16509C,2,Cage 2-6,0.566,0,0.566
All,16509C,2,Cage 3-1,0.445,0,0
All,16509C,2,Cage 3-2,0.697,0,0
All,16509C,2,Cage 3-3,0.72,0,0
All,16509C,2,Cage 3-4,0.688,0,0
All,16509C,2,Cage 3-5,0.909,0,0
All,16509C,2,Cage 3-6,0.385,0,0
All,16509C,2,Tube 1:2,0.946,0,0.946
All,16509C,2,Tube 2:3,0.948,0,0
All,16509C,3,Cage 3-1,0.406,0,0
All,16509C,3,Cage 3-2,0.653,0,0
All,16509C,3,Cage 3-3,0.807,0,0
All,16509C,3,Cage 3-4,0.564,0,0
All,16509C,3,Cage 3-5,0.828,0,0
All,16509C,3,Cage 3-6,0.662,0,0
All,16509C,3,Tube 2:3,0.959,0,0
All,16509C,4,Cage 3-1,0.463,0,0
All,16509C,4,Cage 3-2,0.674,0,0
All,16509C,4,Cage 3-3,0.417,0,0
All,16509C,4,Cage 3-4,0.346,0,0
All,16509C,4,Cage 3-5,0.873,0,0
All,16509C,4,Cage 3-6,0.484,0,0
All,16509C,4,Tube 2:3,0.92,0,0
All,16509C,5,Cage 3-1,0.878,0,0
All,16509C,5,Cage 3-2,0.654,0,0
All,16509C,5,Cage 3-3,0.325,0,0
All,16509C,5,Cage 3-4,0.475,0,0
All,16509C,5,Cage 3-5,0.845,0,0
All,16509C,5,Cage 3-6,0.794,0,0
All,16509C,5,Tube 2:3,0.91,0,0
All,16509C,6,Cage 3-1,0.685,0,0
All,16509C,6,Cage 3-2,0.63,0,0
All,16509C,6,Cage 3-3,0.471,0,0
All,16509C,6,Cage 3-4,0.525,0,0
All,16509C,6,Cage 3-5,0.852,0,0
All,16509C,6,Cage 3-6,0.765,0,0
All,16509C,6,Tube 2:3,0.908,0,0
All,16509C,7,Cage 3-1,0.736,0,0
All,16509C,7,Cage 3-2,0.646,0,0
All,16509C,7,Cage 3-3,0.323,0,0
All,16509C,7,Cage 3-4,0.478,0,0
All,16509C,7,Cage 3-5,0.836,0,0
All,16509C,7,Cage 3-6,0.8,0,0
All,16509C,7,Tube 2:3,0.918,0,0
All,16509C,8,Cage 3-1,0.771,0,0
All,16509C,8,Cage 3-2,0.688,0,0
All,16509C,8,Cage 3-3,0.448,0,0
All,16509C,8,Cage 3-4,0.583,0,0
All,16509C,8,Cage 3-5,0.856,0,0
All,16509C,8,Cage 3-6,0.799,0,0
All,16509C,8,Tube 2:3,0.912,0,0
All,16509C,9,Cage 3-1,0.826,0,0
All,16509C,9,Cage 3-2,0.62,0,0
All,16509C,9,Cage 3-3,0.502,0,0
All,16509C,9,Cage 3-4,0.517,0,0
All,16509C,9,Cage 3-5,0.883,0,0
All,16509C,9,Cage 3-6,0.811,0,0
All,16509C,9,Tube 2:3,0.931,0,0
All,16509C,10,Cage 3-1,0.811,0,0
All,16509C,10,Cage 3-2,0.646,0,0
All,16509C,10,Cage 3-3,0.445,0,0
All,16509C,10,Cage 3-4,0.315,0,0
All,16509C,10,Cage 3-5,0.841,0,0
All,16509C,10,Cage 3-6,0.893,0,0
All,16509C,10,Tube 2:3,0.926,0,0
All,16829E,1,Cage 2-1,0.834,0.834,0
All,16829E,1,Cage 2-3,0.899,0.899,0
All,16829E,1,Cage 2-4,0.909,0.909,0
All,16829E,1,Cage 2-5,0.91,0.91,0
All,16829E,1,Cage 2-6,0.865,0.865,0
All,16829E,1,Tube 2:3,0.987,0.987,0
All,16829E,2,Cage 2-1,0.548,0,0
All,16829E,2,Cage 2-2,0.838,0,0
All,16829E,2,Cage 2-3,0.57,0,0
All,16829E,2,Cage 2-4,0.876,0,0
All,16829E,2,Cage 2-5,0.925,0,0
All,16829E,2,Cage 2-6,0.578,0,0
All,16829E,2,Tube 1:2,0.996,0.996,0
All,16829E,2,Tube 2:3,0.956,0,0
All,16829E,3,Cage 2-1,0.556,0,0
All,16829E,3,Cage 2-2,0.783,0,0
All,16829E,3,Cage 2-3,0.839,0,0
All,16829E,3,Cage 2-4,0.804,0,0
All,16829E,3,Cage 2-5,0.89,0,0
All,16829E,3,Cage 2-6,0.52,0,0
All,16829E,3,Tube 1:2,0.98,0,0
All,16829E,3,Tube 2:3,0.966,0,0
All,16829E,4,Cage 2-1,0.602,0,0
All,16829E,4,Cage 2-2,0.729,0,0
All,16829E,4,Cage 2-3,0.582,0,0
All,16829E,4,Cage 2-4,0.416,0,0
All,16829E,4,Cage 2-5,0.888,0,0
All,16829E,4,Cage 2-6,0.56,0,0
All,16829E,4,Tube 1:2,0.975,0,0
All,16829E,4,Tube 2:3,0.96,0,0
All,16829E,5,Cage 2-1,0.805,0,0
All,16829E,5,Cage 2-2,0.808,0,0
All,16829E,5,Cage 2-3,0.516,0,0
All,16829E,5,Cage 2-4,0.421,0,0
All,16829E,5,Cage 2-5,0.851,0,0
All,16829E,5,Cage 2-6,0.809,0,0
All,16829E,5,Tube 1:2,0.948,0,0
All,16829E,5,Tube 2:3,0.951,0,0
All,16829E,6,Cage 2-1,0.789,0,0
All,16829E,6,Cage 2-2,0.8,0,0
All,16829E,6,Cage 2-3,0.584,0,0
All,16829E,6,Cage 2-4,0.447,0,0
All,16829E,6,Cage 2-5,0.786,0,0
All,16829E,6,Cage 2-6,0.817,0,0
All,16829E,6,Tube 1:2,0.967,0,0
All,16829E,6,Tube 2:3,0.953,0,0
All,16829E,7,Cage 2-1,0.803,0,0
All,16829E,7,Cage 2-2,0.821,0,0
All,16829E,7,Cage 2-3,0.566,0,0
All,16829E,7,Cage 2-4,0.391,0,0
All,16829E,7,Cage 2-5,0.846,0,0
All,16829E,7,Cage 2-6,0.79,0,0
All,16829E,7,Tube 1:2,0.933,0,0
All,16829E,7,Tube 2:3,0.897,0,0
All,16829E,8,Cage 1-1,0.89,0,0.89
All,16829E,8,Cage 1-2,0.755,0,0.755
All,16829E,8,Cage 1-3,0.746,0,0.746
All,16829E,8,Cage 1-4,0.82,0,0.82
All,16829E,8,Cage 1-5,0.909,0,0.909
All,16829E,8,Cage 1-6,0.743,0,0.743
All,16829E,8,Cage 2-1,0.789,0,0
All,16829E,8,Cage 2-2,0.676,0,0
All,16829E,8,Cage 2-3,0.441,0,0
All,16829E,8,Cage 2-4,0.422,0,0
All,16829E,8,Cage 2-5,0.778,0,0
All,16829E,8,Cage 2-6,0.728,0,0
All,16829E,8,Cage 3-1,0.803,0,0
All,16829E,8,Cage 3-2,0.718,0,0
All,16829E,8,Cage 3-3,0.433,0,0
All,16829E,8,Cage 3-4,0.733,0,0
All,16829E,8,Cage 3-5,0.88,0,0
All,16829E,8,Cage 3-6,0.835,0,0
All,16829E,8,Tube 1:2,0.899,0,0
All,16829E,8,Tube 2:3,0.908,0,0
All,16829E,9,Cage 1-1,0.882,0,0
All,16829E,9,Cage 1-2,0.856,0,0
All,16829E,9,Cage 1-3,0.413,0,0
All,16829E,9,Cage 1-4,0.223,0,0
All,16829E,9,Cage 1-5,0.822,0,0
All,16829E,9,Cage 1-6,0.658,0,0
All,16829E,9,Cage 2-1,0.687,0,0
All,16829E,9,Cage 2-2,0.641,0,0
All,16829E,9,Cage 2-3,0.615,0,0
All,16829E,9,Cage 2-4,0.256,0,0
All,16829E,9,Cage 2-5,0.928,0,0
All,16829E,9,Cage 2-6,0.838,0,0
All,16829E,9,Cage 3-1,0.786,0,0.786
All,16829E,9,Cage 3-2,0.716,0,0.716
All,16829E,9,Cage 3-3,0.531,0,0.531
All,16829E,9,Cage 3-4,0.328,0,0.328
All,16829E,9,Cage 3-5,0.886,0,0.886
All,16829E,9,Cage 3-6,0.774,0,0.774
All,16829E,9,Tube 1:2,0.861,0,0
All,16829E,9,Tube 2:3,0.886,0,0
All,16829E,10,Cage 1-1,0.808,0,0.808
All,16829E,10,Cage 1-2,0.631,0,0.631
All,16829E,10,Cage 1-3,0.681,0,0.681
All,16829E,10,Cage 1-4,0.41,0,0.41
All,16829E,10,Cage 1-5,0.846,0,0.846
All,16829E,10,Cage 1-6,0.807,0,0.807
All,16829E,10,Cage 2-1,0.757,0,0
All,16829E,10,Cage 2-2,0.702,0,0
All,16829E,10,Cage 2-3,0.574,0,0
All,16829E,10,Cage 2-4,0.605,0,0
All,16829E,10,Cage 2-5,0.898,0,0
All,16829E,10,Cage 2-6,0.772,0,0
All,16829E,10,Cage 3-1,0.815,0,0.815
All,16829E,10,Cage 3-2,0.612,0,0.612
All,16829E,10,Cage 3-3,0.664,0,0.664
All,16829E,10,Cage 3-4,0.844,0,0.844
All,16829E,10,Cage 3-5,0.7,0,0.7
All,16829E,10,Cage 3-6,0.817,0,0.817
All,16829E,10,Tube 1:2,0.884,0,0
All,16829E,10,Tube 2:3,0.889,0,0
All,18291F,1,Cage 2-1,0.897,0.897,0
All,18291F,1,Cage 2-2,0.888,0.888,0
All,18291F,1,Cage 2-3,0.953,0.953,0
All,18291F,1,Cage 2-4,0.915,0.915,0
All,18291F,1,Cage 2-5,0.912,0.912,0
All,18291F,1,Cage 2-6,0.918,0.918,0
All,18291F,1,Tube 1:2,0.954,0.954,0
All,18291F,1,Tube 2:3,0.963,0.963,0
All,18291F,2,Cage 1-1,0.427,0,0.427
All,18291F,2,Cage 1-2,0.954,0,0.954
All,18291F,2,Cage 1-3,0.621,0,0.621
All,18291F,2,Cage 1-4,0.57,0,0.57
All,18291F,2,Cage 1-5,0.908,0,0.908
All,18291F,2,Cage 1-6,0.514,0,0.514
All,18291F,2,Cage 2-1,0.671,0,0.671
All,18291F,2,Cage 2-2,0.737,0,0.737
All,18291F,2,Cage 2-3,0.639,0,0.639
All,18291F,2,Cage 2-4,0.858,0,0
All,18291F,2,Cage 2-5,0.929,0,0.929
All,18291F,2,Cage 2-6,0.881,0,0.881
All,18291F,2,Cage 3-1,0.841,0,0
All,18291F,2,Cage 3-2,0.733,0,0
All,18291F,2,Cage 3-3,0.626,0,0
All,18291F,2,Cage 3-4,0.538,0,0
All,18291F,2,Cage 3-5,0.889,0,0
All,18291F,2,Cage 3-6,0.397,0,0
All,18291F,2,Tube 1:2,0.951,0,0.951
All,18291F,2,Tube 2:3,0.946,0,0
All,18291F,3,Cage 1-1,0.457,0,0
All,18291F,3,Cage 1-2,0.745,0,0
All,18291F,3,Cage 1-3,0.597,0,0
All,18291F,3,Cage 1-4,0.393,0,0
All,18291F,3,Cage 1-5,0.921,0,0
All,18291F,3,Cage 1-6,0.411,0,0
All,18291F,3,Cage 2-1,0.87,0,0.87
All,18291F,3,Cage 2-2,0.731,0,0
All,18291F,3,Cage 2-3,0.716,0,0.716
All,18291F,3,Cage 2-4,0.836,0,0
All,18291F,3,Cage 2-5,0.9,0,0.9
All,18291F,3,Cage 2-6,0.685,0,0.685
All,18291F,3,Cage 3-1,0.475,0,0
All,18291F,3,Cage 3-2,0.722,0,0
All,18291F,3,Cage 3-3,0.511,0,0
All,18291F,3,Cage 3-4,0.743,0,0
All,18291F,3,Cage 3-5,0.845,0,0
All,18291F,3,Cage 3-6,0.557,0,0
All,18291F,3,Tube 1:2,0.926,0,0
All,18291F,3,Tube 2:3,0.913,0,0
All,18291F,4,Cage 1-1,0.366,0,0
All,18291F,4,Cage 1-2,0.722,0,0
All,18291F,4,Cage 1-3,0.343,0,0
All,18291F,4,Cage 1-4,0.502,0,0
All,18291F,4,Cage 1-5,0.92,0,0
All,18291F,4,Cage 1-6,0.695,0,0
All,18291F,4,Cage 2-1,0.311,0,0
All,18291F,4,Cage 2-2,0.661,0,0
All,18291F,4,Cage 2-3,0.678,0,0
All,18291F,4,Cage 2-4,0.792,0,0
All,18291F,4,Cage 2-5,0.882,0,0
All,18291F,4,Cage 2-6,0.372,0,0
All,18291F,4,Cage 3-1,0.661,0,0
All,18291F,4,Cage 3-2,0.749,0,0
All,18291F,4,Cage 3-3,0.536,0,0
All,18291F,4,Cage 3-4,0.462,0,0
All,18291F,4,Cage 3-5,0.939,0,0
All,18291F,4,Cage 3-6,0.821,0,0
All,18291F,4,Tube 1:2,0.9,0,0
All,18291F,4,Tube 2:3,0.925,0,0
All,18291F,5,Cage 1-1,0.78,0,0
All,18291F,5,Cage 1-2,0.706,0,0
All,18291F,5,Cage 1-3,0.532,0,0
All,18291F,5,Cage 1-4,0.499,0,0
All,18291F,5,Cage 1-5,0.877,0,0
All,18291F,5,Cage 1-6,0.816,0,0
All,18291F,5,Cage 2-1,0.733,0,0
All,18291F,5,Cage 2-2,0.841,0,0
All,18291F,5,Cage 2-3,0.652,0,0
All,18291F,5,Cage 2-4,0.857,0,0
All,18291F,5,Cage 2-5,0.866,0,0
All,18291F,5,Cage 2-6,0.772,0,0
All,18291F,5,Cage 3-1,0.621,0,0
All,18291F,5,Cage 3-2,0.712,0,0
All,18291F,5,Cage 3-3,0.474,0,0
All,18291F,5,Cage 3-4,0.382,0,0
All,18291F,5,Cage 3-5,0.793,0,0
All,18291F,5,Cage 3-6,0.832,0,0
All,18291F,5,Tube 1:2,0.93,0,0
All,18291F,5,Tube 2:3,0.908,0,0
All,18291F,6,Cage 1-1,0.745,0,0
All,18291F,6,Cage 1-2,0.691,0,0
All,18291F,6,Cage 1-3,0.478,0,0
All,18291F,6,Cage 1-4,0.527,0,0
All,18291F,6,Cage 1-5,0.846,0,0
All,18291F,6,Cage 1-6,0.703,0,0
All,18291F,6,Cage 2-1,0.761,0,0
All,18291F,6,Cage 2-2,0.665,0,0
All,18291F,6,Cage 2-3,0.618,0,0
All,18291F,6,Cage 2-4,0.433,0,0
All,18291F,6,Cage 2-5,0.87,0,0
All,18291F,6,Cage 2-6,0.653,0,0
All,18291F,6,Cage 3-1,0.637,0,0.637
All,18291F,6,Cage 3-2,0.862,0,0.862
All,18291F,6,Cage 3-3,0.314,0,0.314
All,18291F,6,Cage 3-4,0.866,0,0.866
All,18291F,6,Cage 3-5,0.554,0,0.554
All,18291F,6,Cage 3-6,0.851,0,0.851
All,18291F,6,Tube 1:2,0.918,0,0
All,18291F,6,Tube 2:3,0.905,0,0
All,18291F,7,Cage 1-1,0.683,0,0
All,18291F,7,Cage 1-2,0.712,0,0
All,18291F,7,Cage 1-3,0.552,0,0
All,18291F,7,Cage 1-4,0.408,0,0
All,18291F,7,Cage 1-5,0.793,0,0
All,18291F,7,Cage 1-6,0.573,0,0
All,18291F,7,Cage 2-1,0.744,0,0
All,18291F,7,Cage 2-2,0.68,0,0
All,18291F,7,Cage 2-3,0.518,0,0
All,18291F,7,Cage 2-4,0.625,0,0
All,18291F,7,Cage 2-5,0.765,0,0
All,18291F,7,Cage 2-6,0.853,0,0
All,18291F,7,Cage 3-1,0.67,0,0.67
All,18291F,7,Cage 3-2,0.773,0,0
All,18291F,7,Cage 3-3,0.703,0,0
All,18291F,7,Cage 3-4,0.749,0,0
All,18291F,7,Cage 3-5,0.758,0,0
All,18291F,7,Cage 3-6,0.878,0,0
All,18291F,7,Tube 1:2,0.899,0,0
All,18291F,7,Tube 2:3,0.828,0,0
All,18291F,8,Cage 1-1,0.807,0,0
All,18291F,8,Cage 1-2,0.73,0,0
All,18291F,8,Cage 1-3,0.547,0,0
All,18291F,8,Cage 1-4,0.471,0,0
All,18291F,8,Cage 1-5,0.869,0,0
All,18291F,8,Cage 1-6,0.67,0,0
All,18291F,8,Cage 2-1,0.691,0,0
All,18291F,8,Cage 2-2,0.673,0,0
All,18291F,8,Cage 2-3,0.804,0,0
All,18291F,8,Cage 2-4,0.828,0,0
All,18291F,8,Cage 2-5,0.702,0,0
All,18291F,8,Cage 2-6,0.786,0,0
All,18291F,8,Cage 3-1,0.84,0,0
All,18291F,8,Cage 3-2,0.697,0,0
All,18291F,8,Cage 3-3,0.861,0,0
All,18291F,8,Cage 3-4,0.77,0,0
All,18291F,8,Cage 3-5,0.844,0,0
All,18291F,8,Cage 3-6,0.847,0,0
All,18291F,8,Tube 1:2,0.885,0,0
All,18291F,8,Tube 2:3,0.897,0,0
All,18291F,9,Cage 1-1,0.603,0,0
All,18291F,9,Cage 1-2,0.804,0,0
All,18291F,9,Cage 1-3,0.655,0,0
All,18291F,9,Cage 1-4,0.905,0,0
All,18291F,9,Cage 1-5,0.901,0,0
All,18291F,9,Cage 1-6,0.733,0,0
All,18291F,9,Cage 2-1,0.75,0,0
All,18291F,9,Cage 2-2,0.683,0,0
All,18291F,9,Cage 2-3,0.412,0,0
All,18291F,9,Cage 2-4,0.122,0,0
All,18291F,9,Cage 2-5,0.759,0,0
All,18291F,9,Cage 2-6,0.748,0,0
All,18291F,9,Cage 3-1,0.557,0,0
All,18291F,9,Cage 3-2,0.706,0,0
All,18291F,9,Cage 3-3,0.32,0,0
All,18291F,9,Cage 3-4,0.883,0,0
All,18291F,9,Cage 3-5,0.846,0,0
All,18291F,9,Cage 3-6,0.777,0,0
All,18291F,9,Tube 1:2,0.893,0,0
All,18291F,9,Tube 2:3,0.898,0,0
All,18291F,10,Cage 1-1,0.768,0,0
All,18291F,10,Cage 1-2,0.894,0,0
All,18291F,10,Cage 1-3,0.514,0,0
All,18291F,10,Cage 1-4,0.303,0,0
All,18291F,10,Cage 1-5,0.889,0,0
All,18291F,10,Cage 1-6,0.869,0,0
All,18291F,10,Cage 2-1,0.816,0,0
All,18291F,10,Cage 2-2,0.709,0,0
All,18291F,10,Cage 2-3,0.58,0,0
All,18291F,10,Cage 2-4,0.895,0,0
All,18291F,10,Cage 2-5,0.913,0,0
All,18291F,10,Cage 2-6,0.823,0,0
All,18291F,10,Cage 3-1,0.754,0,0.754
All,18291F,10,Cage 3-2,0.678,0,0.678
All,18291F,10,Cage 3-3,0.574,0,0.574
All,18291F,10,Cage 3-4,0.719,0,0.719
All,18291F,10,Cage 3-5,0.859,0,0.859
All,18291F,10,Cage 3-6,0.849,0,0.849
All,18291F,10,Tube 1:2,0.899,0,0
All,18291F,10,Tube 2:3,0.905,0,0.905
All,19231J,1,Cage 2-1,0.894,0.894,0
All,19231J,1,Cage 2-2,0.855,0.855,0
All,19231J,1,Cage 2-3,0.937,0.937,0
All,19231J,1,Cage 2-4,0.924,0.924,0
All,19231J,1,Cage 2-5,0.911,0.911,0
All,19231J,1,Cage 2-6,0.918,0.918,0
All,19231J,1,Tube 2:3,0,0,0
All,19231J,2,Cage 1-1,0.321,0,0
All,19231J,2,Cage 1-2,0.883,0,0
All,19231J,2,Cage 1-3,0.736,0,0
All,19231J,2,Cage 1-4,0.836,0,0
All,19231J,2,Cage 1-5,0.911,0,0
All,19231J,2,Cage 1-6,0.869,0,0
All,19231J,2,Cage 2-1,0.886,0,0
All,19231J,2,Cage 2-2,0.802,0,0
All,19231J,2,Cage 2-3,0.795,0,0
All,19231J,2,Cage 2-4,0.903,0,0
All,19231J,2,Cage 2-5,0.878,0,0
All,19231J,2,Cage 2-6,0.723,0,0
All,19231J,2,Cage 3-1,0.834,0,0
All,19231J,2,Cage 3-2,0.794,0,0
All,19231J,2,Cage 3-3,0.807,0,0
All,19231J,2,Cage 3-4,0.726,0,0
All,19231J,2,Cage 3-5,0.909,0,0
All,19231J,2,Cage 3-6,0.266,0,0
All,19231J,2,Tube 1:2,0.876,0,0
All,19231J,2,Tube 2:3,0.889,0,0
All,19231J,3,Cage 1-1,0.488,0,0
All,19231J,3,Cage 1-2,0.699,0,0
All,19231J,3,Cage 1-3,0.311,0,0
All,19231J,3,Cage 1-4,0.338,0,0
All,19231J,3,Cage 1-5,0.88,0,0
All,19231J,3,Cage 1-6,0.417,0,0
All,19231J,3,Cage 2-1,0.871,0,0
All,19231J,3,Cage 2-2,0.725,0,0
All,19231J,3,Cage 2-3,0.79,0,0
All,19231J,3,Cage 2-4,0.871,0,0
All,19231J,3,Cage 2-5,0.85,0,0
All,19231J,3,Cage 2-6,0.304,0,0
All,19231J,3,Cage 3-1,0.728,0,0
All,19231J,3,Cage 3-2,0.701,0,0
All,19231J,3,Cage 3-3,0.812,0,0
All,19231J,3,Cage 3-4,0.885,0,0
All,19231J,3,Cage 3-5,0.868,0,0
All,19231J,3,Cage 3-6,0.906,0,0
All,19231J,3,Tube 1:2,0.766,0,0
All,19231J,3,Tube 2:3,0.774,0,0
All,19231J,4,Cage 1-1,0.851,0,0
All,19231J,4,Cage 1-2,0.575,0,0
All,19231J,4,Cage 1-3,0.72,0,0
All,19231J,4,Cage 1-4,0.098,0,0
All,19231J,4,Cage 1-5,0.853,0,0
All,19231J,4,Cage 1-6,0.332,0,0
All,19231J,4,Cage 2-1,0.656,0,0
All,19231J,4,Cage 2-2,0.758,0,0
All,19231J,4,Cage 2-3,0.882,0,0
All,19231J,4,Cage 2-4,0.875,0,0
All,19231J,4,Cage 2-5,0.871,0,0
All,19231J,4,Cage 2-6,0.362,0,0
All,19231J,4,Cage 3-1,0.782,0,0
All,19231J,4,Cage 3-2,0.735,0,0
All,19231J,4,Cage 3-3,0.306,0,0
All,19231J,4,Cage 3-4,0.469,0,0
All,19231J,4,Cage 3-5,0.749,0,0
All,19231J,4,Cage 3-6,0.835,0,0
All,19231J,4,Tube 1:2,0.764,0,0
All,19231J,4,Tube 2:3,0.837,0,0
All,19231J,5,Cage 1-1,0.841,0,0
All,19231J,5,Cage 1-2,0.789,0,0
All,19231J,5,Cage 1-3,0.31,0,0
All,19231J,5,Cage 1-4,0.128,0,0
All,19231J,5,Cage 1-5,0.809,0,0
All,19231J,5,Cage 1-6,0.896,0,0
All,19231J,5,Cage 2-1,0.838,0,0
All,19231J,5,Cage 2-2,0.704,0,0
All,19231J,5,Cage 2-3,0.402,0,0
All,19231J,5,Cage 2-4,0.537,0,0
All,19231J,5,Cage 2-5,0.75,0,0
All,19231J,5,Cage 2-6,0.894,0,0
All,19231J,5,Cage 3-1,0.793,0,0
All,19231J,5,Cage 3-2,0.656,0,0
All,19231J,5,Cage 3-3,0.247,0,0
All,19231J,5,Cage 3-4,0.363,0,0
All,19231J,5,Cage 3-5,0.841,0,0
All,19231J,5,Cage 3-6,0.858,0,0
All,19231J,5,Tube 1:2,0.864,0,0
All,19231J,5,Tube 2:3,0.74,0,0
All,19231J,6,Cage 1-1,0.892,0,0
All,19231J,6,Cage 1-2,0.631,0,0
All,19231J,6,Cage 1-3,0.397,0,0
All,19231J,6,Cage 1-4,0.372,0,0
All,19231J,6,Cage 1-5,0.849,0,0
All,19231J,6,Cage 1-6,0.763,0,0
All,19231J,6,Cage 2-1,0.827,0,0
All,19231J,6,Cage 2-2,0.743,0,0
All,19231J,6,Cage 2-3,0.45,0,0
All,19231J,6,Cage 2-4,0.471,0,0
All,19231J,6,Cage 2-5,0.743,0,0
All,19231J,6,Cage 2-6,0.902,0,0
All,19231J,6,Cage 3-1,0.779,0,0
All,19231J,6,Cage 3-2,0.665,0,0
All,19231J,6,Cage 3-3,0.288,0,0
All,19231J,6,Cage 3-4,0.152,0,0
All,19231J,6,Cage 3-5,0.844,0,0
All,19231J,6,Cage 3-6,0.737,0,0
All,19231J,6,Tube 1:2,0.71,0,0
All,19231J,6,Tube 2:3,0.64,0,0
All,19231J,7,Cage 1-1,0.824,0,0
All,19231J,7,Cage 1-2,0.7,0,0
All,19231J,7,Cage 1-3,0.383,0,0
All,19231J,7,Cage 1-4,0.431,0,0
All,19231J,7,Cage 1-5,0.813,0,0
All,19231J,7,Cage 1-6,0.738,0,0
All,19231J,7,Cage 2-1,0.762,0,0
All,19231J,7,Cage 2-2,0.608,0,0
All,19231J,7,Cage 2-3,0.298,0,0
All,19231J,7,Cage 2-4,0.07,0,0
All,19231J,7,Cage 2-5,0.762,0,0
All,19231J,7,Cage 2-6,0.91,0,0
All,19231J,7,Cage 3-1,0.87,0,0.87
All,19231J,7,Cage 3-2,0.717,0,0.717
All,19231J,7,Cage 3-3,0.378,0,0.378
All,19231J,7,Cage 3-4,0.872,0,0.872
All,19231J,7,Cage 3-5,0.563,0,0.563
All,19231J,7,Cage 3-6,0.948,0,0.948
All,19231J,7,Tube 1:2,0.346,0,0
All,19231J,7,Tube 2:3,0.812,0,0
All,19231J,8,Cage 1-1,0.568,0,0
All,19231J,8,Cage 1-2,0.554,0,0
All,19231J,8,Cage 1-3,0.259,0,0
All,19231J,8,Cage 1-4,0.11,0,0
All,19231J,8,Cage 1-5,0.731,0,0.731
All,19231J,8,Cage 1-6,0.633,0,0.633
All,19231J,8,Cage 2-1,0.872,0,0
All,19231J,8,Cage 2-2,0.686,0,0
All,19231J,8,Cage 2-3,0.584,0,0
All,19231J,8,Cage 2-4,0.749,0,0
All,19231J,8,Cage 2-5,0.67,0,0
All,19231J,8,Cage 2-6,0.822,0,0
All,19231J,8,Cage 3-1,0.734,0,0
All,19231J,8,Cage 3-2,0.715,0,0
All,19231J,8,Cage 3-3,0.434,0,0
All,19231J,8,Cage 3-4,0.397,0,0
All,19231J,8,Cage 3-5,0.828,0,0
All,19231J,8,Cage 3-6,0.772,0,0
All,19231J,8,Tube 1:2,0.872,0,0
All,19231J,8,Tube 2:3,0.715,0,0
All,19231J,9,Cage 1-1,0.761,0,0
All,19231J,9,Cage 1-2,0.589,0,0
All,19231J,9,Cage 1-3,0.507,0,0
All,19231J,9,Cage 1-4,0.833,0,0
All,19231J,9,Cage 1-5,0.829,0,0
All,19231J,9,Cage 1-6,0.808,0,0
All,19231J,9,Cage 2-1,0.853,0,0
All,19231J,9,Cage 2-2,0.708,0,0
All,19231J,9,Cage 2-3,0.336,0,0
All,19231J,9,Cage 2-4,0.12,0,0
All,19231J,9,Cage 2-5,0.816,0,0
All,19231J,9,Cage 2-6,0.776,0,0
All,19231J,9,Cage 3-1,0.48,0,0.48
All,19231J,9,Cage 3-2,0.687,0,0.687
All,19231J,9,Cage 3-3,0.563,0,0.563
All,19231J,9,Cage 3-4,0.684,0,0.684
All,19231J,9,Cage 3-5,0.825,0,0.825
All,19231J,9,Cage 3-6,0.838,0,0.838
All,19231J,9,Tube 1:2,0.543,0,0
All,19231J,9,Tube 2:3,0.788,0,0
All,19231J,10,Cage 1-1,0.581,0,0
All,19231J,10,Cage 1-2,0.642,0,0
All,19231J,10,Cage 1-3,0.611,0,0
All,19231J,10,Cage 1-4,0.461,0,0
All,19231J,10,Cage 1-5,0.862,0,0
All,19231J,10,Cage 1-6,0.698,0,0
All,19231J,10,Cage 2-1,0.761,0,0
All,19231J,10,Cage 2-2,0.528,0,0
All,19231J,10,Cage 2-3,0.477,0,0
All,19231J,10,Cage 2-4,0.825,0,0
All,19231J,10,Cage 2-5,0.834,0,0
All,19231J,10,Cage 2-6,0.745,0,0
All,19231J,10,Cage 3-1,0.746,0,0
All,19231J,10,Cage 3-2,0.675,0,0
All,19231J,10,Cage 3-3,0.805,0,0.805
All,19231J,10,Cage 3-4,0.644,0,0.644
All,19231J,10,Cage 3-5,0.743,0,0.743
All,19231J,10,Cage 3-6,0.919,0,0.919
All,19231J,10,Tube 1:2,0.406,0,0
All,19231J,10,Tube 2:3,0.776,0,0
